Workbook

Sheet 1a-Identification Projet
L1: Ref; PD 002
L2: 43524
L3: Entreprise de prototypage de Toulouse
B5: Projet | E5: Réalisation d'un prototype de draisienne
B7: Responsable Dossier | E7: August PROJET
B9: Période couverte par le dossier | E9: 01/01/2019 => 31/06/2019
B11: Objectifs du projet | E11: En vue d'une production et d'une commercialisation réaliser un prototype de draisienne
B13: Liste de diffusion | E13: Alexandre LEGRANDCHEF (Entreprise de prototypage de Toulouse ) Edmond POULIDORT (Entrepreneur indépendant)

Sheet 1b- Besoin capturé
A8: Catégorie | B8: ID | C8: Titre Exigence | D8: Criticité | E8: Description Exigence | F8: Méthode d’acceptation | G8: Explication
A9: Développement | B9: DEV-01 | C9: Authentification utilisateur | D9: Obligatoire | E9: L’utilisateur doit pouvoir créer un compte, se connecter et se déconnecter | F9: Test manuel + API test | G9: Base de toute application sécurisée
A10: Développement | B10: DEV-02 | C10: Gestion des rôles | D10: Obligatoire | E10: Le système doit gérer les rôles USER et ADMIN | F10: Test des permissions | G10: Permet différenciation des droits
A11: Développement | B11: DEV-03 | C11: Création de WG | D11: Obligatoire | E11: Un utilisateur doit pouvoir créer une colocation | F11: Test fonctionnel | G11: Point d’entrée de l’application
A12: Développement | B12: DEV-04 | C12: Rejoindre une WG | D12: Obligatoire | E12: Un utilisateur peut rejoindre une WG via code | F12: Test utilisateur | G12: Facilite collaboration
A13: Développement | B13: DEV-05 | C13: Gestion des objets | D13: Obligatoire | E13: CRUD des objets (ajouter, modifier, supprimer) | F13: Test API CRUD | G13: Gestion des ressources
A14: Développement | B14: DEV-06 | C14: Gestion des espaces | D14: Obligatoire | E14: CRUD des espaces communs | F14: Test API | G14: Organisation des lieux
A15: Développement | B15: DEV-07 | C15: Création réservation | D15: Obligatoire | E15: L’utilisateur peut réserver un objet ou espace | F15: Test fonctionnel | G15: Fonction principale
A16: Développement | B16: DEV-08 | C16: Vérification conflits | D16: Obligatoire | E16: Le système doit empêcher les doubles réservations | F16: Test logique métier | G16: Critique pour cohérence
A17: Développement | B17: DEV-09 | C17: Modification réservation | D17: Important | E17: Modifier une réservation existante | F17: Test API | G17: Flexibilité utilisateur
A18: Développement | B18: DEV-10 | C18: Suppression réservation | D18: Important | E18: Supprimer une réservation | F18: Test API | G18: Gestion des erreurs utilisateur
A19: Développement | B19: DEV-11 | C19: Affichage calendrier | D19: Important | E19: Voir les réservations sous forme de calendrier | F19: Test UI | G19: Améliore UX
... A35: Gestion | B35: PM-12 | C35: Qualité du code | D35: Obligatoire | E35: Code lisible et maintenable | F35: Revue code | G35: Professionnalisme

Sheet 2d-Planning Initia
B1: ="PLANNING INITIAL " -> PLANNING INITIAL | K1: ='1a-Identification Projet'!$L$1 -> Ref; PD 002
K2: ='1a-Identification Projet'!$L$2 -> 43524
K3: ='1a-Identification Projet'!$L$3 -> Entreprise de prototypage de Toulouse
B10: Phase 1: Fondations (Semaines 1-4)
B11: ID | C11: Nom de la tâche | D11: Début | E11: Fin | F11: Prédécesseurs | G11: Ressources | H11: Charge (h)
B12: T1 | C12: Installation environnement (Java, IDE, Git) | D12: S1 | E12: S1 | F12: - | G12: IntelliJ, Git | H12: 6
B13: T2 | C13: Révision Java (POO + collections) | D13: S1 | E13: S2 | F13: T1 | G13: Java docs | H13: 20
B14: T3 | C14: Bases SQL | D14: S2 | E14: S3 | F14: T2 | G14: PostgreSQL | H14: 14
B15: T4 | C15: HTTP + REST (théorie) | D15: S3 | E15: S4 | F15: T2 | G15: Docs web | H15: 10
B16: Phase 2: Backend Spring Boot (Semaine 5-8)
B17: T5 | C17: Initialisation projet Spring Boot | D17: S5 | E17: S5 | F17: T4 | G17: Spring Boot | H17: 6
B18: T6 | C18: Création API REST (Controllers) | D18: S5 | E18: S6 | F18: T5 | G18: Spring Web | H18: 14
B19: T7 | C19: Connexion PostgreSQL | D19: S6 | E19: S6 | F19: T5 | G19: PostgreSQL | H19: 8
B20: T8 | C20: JPA / Entities (User, WG, Item…) | D20: S6 | E20: S7 | F20: T7 | G20: JPA | H20: 16
B21: T9 | C21: CRUD complet | D21: S7 | E21: S8 | F21: T8 | G21: Spring Data | H21: 18
B22: Phase 3: Sécurité (Semaines 9-12)
B23: T10 | C23: Authentification (login/register) | D23: S9 | E23: S9 | F23: T9 | G23: Spring Security | H23: 10
B24: T11 | C24: Gestion des rôles | D24: S9 | E24: S10 | F24: T10 | G24: Spring Security | H24: 10
B25: T12 | C25: Sécurisation API | D25: S10 | E25: S11 | F25: T11 | G25: JWT | H25: 14
B26: T13 | C26: Validation + gestion erreurs | D26: S11 | E26: S12 | F26: T9 | G26: Validation API | H26: 10
B27: Phase 4: Logique métier (Semaine 13-16)
B28: T14 | C28: Modélisation Booking | D28: S13 | E28: S13 | F28: T9 | G28: JPA | H28: 8
B29: T15 | C29: Création réservation | D29: S13 | E29: S14 | F29: T14 | G29: Service Layer | H29: 12
B30: T16 | C30: Vérification conflits | D30: S14 | E30: S15 | F30: T15 | G30: Algorithme | H30: 16
B31: T17 | C31: Modification / suppression réservation | D31: S15 | E31: S15 | F31: T15 | G31: API | H31: 8
B32: T18 | C32: Tests backend | D32: S15 | E32: S16 | F32: T17 | G32: JUnit | H32: 10
B33: Phase 5: Frontend (Semaines 17-20)
B34: T19 | C34: Setup React | D34: S17 | E34: S17 | F34: T6 | G34: React | H34: 6
B35: T20 | C35: Appels API (fetch/axios) | D35: S17 | E35: S18 | F35: T19 | G35: React | H35: 10
B36: T21 | C36: UI login/register | D36: S18 | E36: S18 | F36: T20 | G36: React | H36: 8
B37: T22 | C37: Dashboard + liste objets | D37: S18 | E37: S19 | F37: T20 | G37: React | H37: 14
B38: T23 | C38: Interface réservation | D38: S19 | E38: S20 | F38: T22 | G38: React | H38: 18
B39: T24 | C39: Responsive design | D39: S20 | E39: S20 | F39: T23 | G39: CSS | H39: 10
B40: Phase 6: Finalisation (Semaines 21-24)
B41: T25 | C41: Dockerisation | D41: S21 | E41: S21 | F41: T18 | G41: Docker | H41: 10
B42: T26 | C42: Déploiement | D42: S22 | E42: S22 | F42: T25 | G42: Cloud | H42: 10
B43: T27 | C43: Documentation README | D43: S22 | E43: S23 | F43: T26 | G43: GitHub | H43: 8
B44: T28 | C44: Tests finaux | D44: S23 | E44: S24 | F44: T26 | G44: Tests | H44: 10
B45: T29 | C45: Amélioration UI | D45: S23 | E45: S24 | F45: T24 | G45: CSS | H45: 10

Sheet 23a Risques-Opportunités
F1: ='1a-Identification Projet'!$L1 -> Ref; PD 002
F2: ='1a-Identification Projet'!$L2 -> 43524
F3: ='1a-Identification Projet'!$L3 -> Entreprise de prototypage de Toulouse
A6: Description du risque | B6: Plan d'action et commentaires | C6: Poid brut K€ | D6: Prob. | E6: Poid pondéré | F6: Date d'ouverture | G6: Date de mise à jour | H6: Date fermeture | I6: Responsable
A7: Difficulté de consensus autour de la notion d'estétique indémodable (Exigence DP07) | B7: Afin de ce premunir du risque, Un design prélimnaire sera effectué au debut de la tache de conception de la solution et ce design sera présenté au client pour validation. Une étude de design est prevu mais en cas de difficulté de convergence avec le clients 3 autres itérations de design pourraient être necessaires : 24/02/2019: Notre client ayant validé notre designe ce risque est clos | C7: 12 | D7: 0.3 | E7: =C7*D7 -> 3.6 | F7: 43466 | H7: 43520 | I7: RCI
A8: Besoin complémentaire de matière première | B8: Le projet est dimensionné sur la base des matières premières disponibles au sein de l'entreprise. A l'issue de la conception, un manque de matière première necessaire pourrait apparaitre necessitant un achat supplémentaire. Pour minimiser ce risque l'etat des matières premieres sera analysé au regard de la conception courante afin d'orienter celle ci si possible. | C8: 3 | D8: 0.2 | E8: =C8*D8 -> 0.6 | F8: 43466 | I8: RCI, RPA, RPM
E9: =C9*D9 -> 0
E10: =C10*D10 -> 0
E11: =C11*D11 -> 0
B12: Total | C12: =SUM(C7:C11) -> 15 | E12: =SUM(E7:E11) -> 4.2
A15: Description de l'opportunité * | B15: Plan d'action et commentaires | C15: Montant brut K€ | D15: Prob. | E15: Montant pondéré | F15: Date d'ouverture | G15: Date de mise à jour | H15: Date fermeture | I15: Responsable
A16: Réutilisation du prototype vélo enfant 742 | B16: Le prototype vélo enfant 742 serait succeptible (après adaptation locale, (suppression du pedalier, changement de la roue arrière, adaptation du cadre)) de répondre aux attentes de notre client. Pour saisir cette opportunité, le premier design présenté au client pour approbation sera basé sur cette solution. 12/02/2019: Nore client n'ayant pas retenu le design proposé par réutilisation du vélo cette opportunité est fermée | C16: 50 | D16: 0.1 | E16: =C16*D16 -> 5 | F16: 43466 | H16: 43508 | I16: RP, RCI
E17: =C17*D17 -> 0
E18: =C18*D18 -> 0
E19: =C19*D19 -> 0
E20: =C20*D20 -> 0
B21: Total | C21: =SUM(C16:C20) -> 50 | E21: =SUM(E16:E20) -> 5

Sheet 23b- Principaux évènements
B1: ='1a-Identification Projet'!$L$1 -> Ref; PD 002
B2: ='1a-Identification Projet'!$L$2 -> 43524
B3: ='1a-Identification Projet'!$L$3 -> Entreprise de prototypage de Toulouse
A5: Période du 01/01/2019 au 22/01/2019
A6: POINTS POSITIFS | B6: POINTS NEGATIFS / ALERTES
A8: L'analyse du besoin a été menée et montre une certaine clareté de l'attendu | B8: Pas de difficultés particulières sur cette période
A9: La structuration du projet a été réalisée et un premier tableau de bord a été émis (ref PD 01)
A12: Période du 23/01/2019 au 28/02/2019
A13: POINTS POSITIFS | B13: POINTS NEGATIFS / ALERTES
A14: La Conception du produit est terminée et le prototypage peut etre lancée | B14: L'opportunité "Réutilisation du prototype vélo enfant 742" a été instruite. Une solution sur cette base a été présentée au client qui n'a pas retenu notre proposition.
A15: lors de la présentation de notre solution basée sur la réutilisation du prototype vélo (que le client n'a pas retenu) , le client a précisé ses attendus en termes de "look" de la draisienne. Ceci a permis d'etablir une proposition au plus prêt de son besoin qu'il a directement validé.
A19: …

Sheet 23c Actions
J1: ='1a-Identification Projet'!$L1 -> Ref; PD 002
J2: ='1a-Identification Projet'!$L2 -> 43524
J3: ='1a-Identification Projet'!$L3 -> Entreprise de prototypage de Toulouse
A5: Num | B5: Description de l'action | C5: Origin | D5: Resp | E5: Date d'enregistrement | F5: Date prévue initiale | G5: Date prévue courante | H5: Etat de l'action | I5: Date de cloture | J5: Preuve de cloture | K5: Commentaire

Sheet 23d Decisions
J1: ='1a-Identification Projet'!$L1 -> Ref; PD 002
J2: ='1a-Identification Projet'!$L2 -> 43524
J3: ='1a-Identification Projet'!$L3 -> Entreprise de prototypage de Toulouse
A5: N° | B5: DESCRIPTION | G5: JUSTIFICATION | H5: Date d'applicabilité | I5: Date de fin d'applicabilité | J5: Motif de fin d'applicabilité | K5: Applicable :O/N
A6: 1 | K6: O
A7: 2
A8: 3
A9: 4
A10: 5
A11: 6

Sheet 23e Documents projet
I1: ='1a-Identification Projet'!$L1 -> Ref; PD 002
I2: ='1a-Identification Projet'!$L2 -> 43524
I3: ='1a-Identification Projet'!$L3 -> Entreprise de prototypage de Toulouse
A8: Titre | B8: Description/ objectif | C8: Type | D8: Responsable | E8: Référence | F8: Indice | G8: Hyperlien | H8: date prévue de dispo | I8: date effective de dispo | J8: Status
A9: >>> Documents en entrée
A10: >>> dossier Client
A11: Cahier des charge Client | D11: E. POULIDORT | J11: validé
A12: >>> Document de reference
A13: Anantomie de l'homme en europe occidental | D13: M. DARWIN | J13: validé
A14: quelques idées d'estetique de la draisienne | D14: E. POULIDORT | J14: à realiser
A15: These , sollicitation mecanique d'un velo enfant | D15: M. JDONG | J15: à realiser
J16: à realiser
A17: >>> Documents en sortie
A18: >>> livrables projet
A19: Expression du besoin | B19: Tableau de bord projet | D19: RP | E19: TDB projet ref PD01 | H19: 43479 | I19: 43487 | J19: validé
A20: Structuration projet | B20: Tableau de bord projet | D20: RP | E20: TDB projet ref PD01 | H20: 43487 | I20: 43487 | J20: validé
A21: suivi projet | B21: Tableau de bord projet | D21: RP | E21: TDB projet ref PD02 | H21: recurrent 1 par semaine | I21: 43524 | J21: en cours
A22: Bilan | D22: RP | H22: 43586 | J22: à realiser
A23: >>> Documents developpement solution
A24: Dossier de conceptionSolution | B24: Conception solution draisienne .Doc | D24: RCI | H24: 43522 | I24: 43524 | J24: validé
A25: Design draisienne 1 | B25: designe draisienne 1 | D25: RCI | H25: 43503 | I25: 43510 | J25: validé
A26: Dossier des tests solution | D26: RCI | H26: 43579 | J26: à realiser
A27: >>> Documents Utilisateurs
A28: Manuel d'utilisation de la solution | D28: RCI | H28: 43579 | J28: à realiser

Sheet 23f Livrables projet
D1: ='1a-Identification Projet'!$L1 -> Ref; PD 002
D2: ='1a-Identification Projet'!$L2 -> 43524
D3: ='1a-Identification Projet'!$L3 -> Entreprise de prototypage de Toulouse
A8: Intitulé livrable | B8: Description Livrable | C8: date prévue | D8: date effective de dispo | E8: Status
A9: >>> Livrables en sortie
A10: Prototype draisienne | C10: 42856 | E10: à realiser
A11: lot pieces alu | C11: 43564 | E11: à realiser
A12: Lot pieces mécaniques | C12: 43559 | E12: à realiser
A13: Lot pieces achetées | C13: 43171 | E13: à realiser

Sheet 3a-Planning courant
B1: ="PLANNING COURANT au "&TEXT(K2,"jj/mm/aaaa") -> PLANNING COURANT au 19/00/Donnerstag | K1: ='1a-Identification Projet'!$L$1 -> Ref; PD 002
K2: ='1a-Identification Projet'!$L$2 -> 43524
K3: ='1a-Identification Projet'!$L$3 -> Entreprise de prototypage de Toulouse
B7: Phase 1: Fondations (Semaines 1-4) | J7: Phase 1: Fondations (Semaines 1-4)
B8: ID | C8: Nom de la tâche | D8: Début | E8: Fin | F8: Prédécesseurs | G8: Ressources | H8: Charge (h) | J8: ID | K8: Nom de la tâche | L8: Début | M8: Fin | N8: Prédécesseurs | O8: Ressources | P8: Charge (h)
B9: T1 | C9: Installation environnement (Java, IDE, Git) | D9: S1 | E9: S1 | F9: - | G9: IntelliJ, Git | H9: 6 | J9: T1 | K9: Installation environnement (Java, IDE, Git) | L9: 46126 | M9: 46126 | N9: - | O9: IntelliJ, Git | P9: 6
B10: T2 | C10: Révision Java (POO + collections) | D10: S1 | E10: S2 | F10: T1 | G10: Java docs | H10: 20
B11: T3 | C11: Bases SQL | D11: S2 | E11: S3 | F11: T2 | G11: PostgreSQL | H11: 14
B12: T4 | C12: HTTP + REST (théorie) | D12: S3 | E12: S4 | F12: T2 | G12: Docs web | H12: 10
B13: Phase 2: Backend Spring Boot (Semaine 5-8)
B14: T5 | C14: Initialisation projet Spring Boot | D14: S5 | E14: S5 | F14: T4 | G14: Spring Boot | H14: 6
B15: T6 | C15: Création API REST (Controllers) | D15: S5 | E15: S6 | F15: T5 | G15: Spring Web | H15: 14
B16: T7 | C16: Connexion PostgreSQL | D16: S6 | E16: S6 | F16: T5 | G16: PostgreSQL | H16: 8
B17: T8 | C17: JPA / Entities (User, WG, Item…) | D17: S6 | E17: S7 | F17: T7 | G17: JPA | H17: 16
B18: T9 | C18: CRUD complet | D18: S7 | E18: S8 | F18: T8 | G18: Spring Data | H18: 18
B19: Phase 3: Sécurité (Semaines 9-12)
B20: T10 | C20: Authentification (login/register) | D20: S9 | E20: S9 | F20: T9 | G20: Spring Security | H20: 10
B21: T11 | C21: Gestion des rôles | D21: S9 | E21: S10 | F21: T10 | G21: Spring Security | H21: 10
B22: T12 | C22: Sécurisation API | D22: S10 | E22: S11 | F22: T11 | G22: JWT | H22: 14
B23: T13 | C23: Validation + gestion erreurs | D23: S11 | E23: S12 | F23: T9 | G23: Validation API | H23: 10
B24: Phase 4: Logique métier (Semaine 13-16)
B25: T14 | C25: Modélisation Booking | D25: S13 | E25: S13 | F25: T9 | G25: JPA | H25: 8
B26: T15 | C26: Création réservation | D26: S13 | E26: S14 | F26: T14 | G26: Service Layer | H26: 12
B27: T16 | C27: Vérification conflits | D27: S14 | E27: S15 | F27: T15 | G27: Algorithme | H27: 16
B28: T17 | C28: Modification / suppression réservation | D28: S15 | E28: S15 | F28: T15 | G28: API | H28: 8
B29: T18 | C29: Tests backend | D29: S15 | E29: S16 | F29: T17 | G29: JUnit | H29: 10
B30: Phase 5: Frontend (Semaines 17-20)
B31: T19 | C31: Setup React | D31: S17 | E31: S17 | F31: T6 | G31: React | H31: 6
B32: T20 | C32: Appels API (fetch/axios) | D32: S17 | E32: S18 | F32: T19 | G32: React | H32: 10
B33: T21 | C33: UI login/register | D33: S18 | E33: S18 | F33: T20 | G33: React | H33: 8
B34: T22 | C34: Dashboard + liste objets | D34: S18 | E34: S19 | F34: T20 | G34: React | H34: 14
B35: T23 | C35: Interface réservation | D35: S19 | E35: S20 | F35: T22 | G35: React | H35: 18
B36: T24 | C36: Responsive design | D36: S20 | E36: S20 | F36: T23 | G36: CSS | H36: 10
B37: Phase 6: Finalisation (Semaines 21-24)
B38: T25 | C38: Dockerisation | D38: S21 | E38: S21 | F38: T18 | G38: Docker | H38: 10
B39: T26 | C39: Déploiement | D39: S22 | E39: S22 | F39: T25 | G39: Cloud | H39: 10
B40: T27 | C40: Documentation README | D40: S22 | E40: S23 | F40: T26 | G40: GitHub | H40: 8
B41: T28 | C41: Tests finaux | D41: S23 | E41: S24 | F41: T26 | G41: Tests | H41: 10
B42: T29 | C42: Amélioration UI | D42: S23 | E42: S24 | F42: T24 | G42: CSS | H42: 10

Sheet Phase 1
B1: Phase 1
B8: ID | C8: Nom de la tâche | D8: Début | E8: Fin | F8: Prédécesseurs | G8: Ressources | H8: Charge (h) | J8: ID | K8: Nom de la tâche | L8: Début | M8: Fin | N8: Prédécesseurs | O8: Ressources | P8: Charge (h)
B9: T1 | C9: Installation environnement (Java, IntelliJ, Git) | D9: S1-J1 | E9: S1-J1 | F9: - | G9: Java, IntelliJ, Git | H9: 2 | J9: T1 | K9: Installation environnement (Java, IntelliJ, Git) | L9: 46126 | M9: 46126 | N9: - | O9: Java, IntelliJ, Git | P9: 2
B10: T2 | C10: Configuration GitHub + premier repo | D10: S1-J2 | E10: S1-J2 | F10: T1 | G10: GitHub | H10: 2 | J10: T2 | K10: Configuration GitHub + premier repo | L10: 46126 | M10: 46126 | N10: T1 | O10: GitHub | P10: 2
B11: T3 | C11: Java POO (classes, objets) | D11: S1-J3 | E11: S1-J3 | F11: T1 | G11: Java Docs | H11: 2 | J11: T3 | K11: Java POO (classes, objets) | L11: 46127 | M11: 46128 | N11: T1 | O11: Java Docs | P11: 2
B12: T4 | C12: Java POO (héritage, encapsulation) | D12: S1-J4 | E12: S1-J4 | F12: T3 | G12: Java Docs | H12: 2 | J12: T4 | K12: Java POO (héritage, encapsulation) | L12: 46128 | M12: 46129 | N12: T3 | O12: Java Docs | P12: 2
B13: T5 | C13: Java POO (interfaces, abstraction) | D13: S1-J5 | E13: S1-J5 | F13: T4 | G13: Java Docs | H13: 2 | J13: T5 | K13: Java POO (interfaces, abstraction) | L13: 46129 | M13: 46129 | N13: T4 | O13: Java Docs | P13: 2
B14: T6 | C14: Collections (List, ArrayList) | D14: S1-J6 | E14: S1-J6 | F14: T5 | G14: Java Docs | H14: 2 | J14: T6 | K14: Collections (List, ArrayList) | L14: 46136 | M14: 46136 | N14: T5 | O14: Java Docs | P14: 2
B15: T7 | C15: Collections (Map, Set) | D15: S1-J7 | E15: S1-J7 | F15: T6 | G15: Java Docs | H15: 2 | J15: T7 | K15: Collections (Map, Set) | L15: 46136 | M15: 46136 | N15: T6 | O15: Java Docs | P15: 2
B16: T8 | C16: Gestion des exceptions | D16: S2-J1 | E16: S2-J1 | F16: T7 | G16: Java Docs | H16: 2 | J16: T8 | K16: Gestion des exceptions | L16: 46136 | M16: 46136 | N16: T7 | O16: Java Docs | P16: 2
B17: T9 | C17: Java avancé (Lambdas, Streams) | D17: S2-J2 | E17: S2-J2 | F17: T8 | G17: Java Docs | H17: 2 | J17: T9 | K17: Java avancé (Lambdas, Streams) | L17: 46136 | M17: 46136 | N17: T8 | O17: Java Docs | P17: 2
B18: T10 | C18: Exercices Java pratiques | D18: S2-J3 | E18: S2-J3 | F18: T9 | G18: LeetCode / Exercices | H18: 2 | J18: T10 | K18: Exercices Java pratiques | L18: 46136 | M18: 46136 | N18: T9 | O18: LeetCode / Exercices | P18: 2
B19: T11 | C19: SQL (SELECT, INSERT) | D19: S2-J4 | E19: S2-J4 | F19: T10 | G19: PostgreSQL | H19: 2 | J19: T11 | K19: SQL (SELECT, INSERT) | L19: 46136 | M19: 46136 | N19: T10 | O19: PostgreSQL | P19: 2
B20: T12 | C20: SQL (WHERE, ORDER BY) | D20: S2-J5 | E20: S2-J5 | F20: T11 | G20: PostgreSQL | H20: 2 | J20: T12 | K20: SQL (WHERE, ORDER BY) | L20: 46137 | M20: 46137 | N20: T11 | O20: PostgreSQL | P20: 2
... B22: T14 | C22: SQL pratique (mini base) | D22: S2-J7 | E22: S2-J7 | F22: T13 | G22: PostgreSQL | H22: 2 | J22: T14 | K22: SQL pratique (mini base) | L22: 46139 | M22: 46139 | N22: T13 | O22: PostgreSQL | P22: 2
B23: T15 | C23: HTTP (GET, POST) | D23: S3-J1 | E23: S3-J1 | F23: T10 | G23: Docs Web | H23: 2
B24: T16 | C24: REST API concepts | D24: S3-J2 | E24: S3-J2 | F24: T15 | G24: Docs REST | H24: 2
B25: T17 | C25: JSON (format, structure) | D25: S3-J3 | E25: S3-J3 | F25: T16 | G25: Docs JSON | H25: 2
B26: T18 | C26: Test API (Postman) | D26: S3-J4 | E26: S3-J4 | F26: T17 | G26: Postman | H26: 2
B27: T19 | C27: Mini projet API (simulation) | D27: S3-J5 | E27: S3-J5 | F27: T18 | G27: Cahier des charges | H27: 2
B28: T20 | C28: Révision Java + SQL | D28: S3-J6 | E28: S3-J6 | F28: T14 | G28: Notes | H28: 2
B29: T21 | C29: Révision HTTP + REST | D29: S3-J7 | E29: S3-J7 | F29: T16 | G29: Notes | H29: 2
B30: T22 | C30: Conception mini API | D30: S4-J1 | E30: S4-J1 | F30: T21 | G30: Papier / UML | H30: 2
B31: T23 | C31: Définition endpoints | D31: S4-J2 | E31: S4-J2 | F31: T22 | G31: REST Docs | H31: 2
B32: T24 | C32: Révision globale | D32: S4-J3 | E32: S4-J3 | F32: T23 | G32: Notes | H32: 2
B33: T25 | C33: Exercices combinés | D33: S4-J4 | E33: S4-J4 | F33: T24 | G33: Exercices | H33: 2
B34: T26 | C34: Introduction Spring Boot | D34: S4-J5 | E34: S4-J5 | F34: T24 | G34: Spring Docs | H34: 2
... B36: T28 | C36: Repos actif (vidéos + recap) | D36: S4-J7 | E36: S4-J7 | F36: T27 | G36: Vidéos | H36: 2

Sheet Phase 2
B1: Phase 2
B8: ID | C8: Nom de la tâche | D8: Début | E8: Fin | F8: Prédécesseurs | G8: Ressources | H8: Charge (h) | J8: ID | K8: Nom de la tâche | L8: Début | M8: Fin | N8: Prédécesseurs | O8: Ressources | P8: Charge (h)
B9: T29 | C9: Création projet Spring Boot | D9: S5-J1 | E9: S5-J1 | F9: T28 | G9: Spring Initializr | H9: 2
B10: T30 | C10: Structure projet (Controller/Service) | D10: S5-J2 | E10: S5-J2 | F10: T29 | G10: Spring Docs | H10: 2
B11: T31 | C11: Premier Controller (GET) | D11: S5-J3 | E11: S5-J3 | F11: T30 | G11: Spring Web | H11: 2
B12: T32 | C12: Endpoint POST | D12: S5-J4 | E12: S5-J4 | F12: T31 | G12: Spring Web | H12: 2
B13: T33 | C13: Test API (Postman) | D13: S5-J5 | E13: S5-J5 | F13: T32 | G13: Postman | H13: 2
B14: T34 | C14: Architecture propre | D14: S5-J6 | E14: S5-J6 | F14: T30 | G14: Docs Architecture | H14: 2
B15: T35 | C15: Révision API REST | D15: S5-J7 | E15: S5-J7 | F15: T33 | G15: Notes | H15: 2
B16: T36 | C16: Installation PostgreSQL | D16: S6-J1 | E16: S6-J1 | F16: T29 | G16: PostgreSQL | H16: 2
B17: T37 | C17: Connexion Spring Boot DB | D17: S6-J2 | E17: S6-J2 | F17: T36 | G17: Spring Data | H17: 2
B18: T38 | C18: Entity User | D18: S6-J3 | E18: S6-J3 | F18: T37 | G18: JPA | H18: 2
B19: T39 | C19: Entity WG | D19: S6-J4 | E19: S6-J4 | F19: T38 | G19: JPA | H19: 2
B20: T40 | C20: Entity Item | D20: S6-J5 | E20: S6-J5 | F20: T39 | G20: JPA | H20: 2
... B36: T56 | C36: Repos actif | D36: S8-J7 | E36: S8-J7 | F36: T55 | G36: Vidéos | H36: 2

Sheet Phase 3
B1: Phase 3
B8: ID | C8: Nom de la tâche | D8: Début | E8: Fin | F8: Prédécesseurs | G8: Ressources | H8: Charge (h) | J8: ID | K8: Nom de la tâche | L8: Début | M8: Fin | N8: Prédécesseurs | O8: Ressources | P8: Charge (h)
B9: T57 | C9: Register API | D9: S9-J1 | E9: S9-J1 | F9: T56 | G9: Spring Security | H9: 2
B10: T58 | C10: Login API | D10: S9-J2 | E10: S9-J2 | F10: T57 | G10: Spring Security | H10: 2
B11: T59 | C11: Hash password | D11: S9-J3 | E11: S9-J3 | F11: T58 | G11: BCrypt | H11: 2
B12: T60 | C12: Config Spring Security | D12: S9-J4 | E12: S9-J4 | F12: T59 | G12: Spring Security | H12: 2
B13: T61 | C13: Sécurisation endpoints | D13: S9-J5 | E13: S9-J5 | F13: T60 | G13: Spring Security | H13: 2
B14: T62 | C14: Test authentification | D14: S9-J6 | E14: S9-J6 | F14: T61 | G14: Postman | H14: 2
B15: T63 | C15: Révision sécurité | D15: S9-J7 | E15: S9-J7 | F15: T62 | G15: Notes | H15: 2
B16: T64 | C16: Gestion rôles USER/ADMIN | D16: S10-J1 | E16: S10-J1 | F16: T61 | G16: Spring Security | H16: 2
B17: T65 | C17: Permissions API | D17: S10-J2 | E17: S10-J2 | F17: T64 | G17: Spring Security | H17: 2
B18: T66 | C18: Introduction JWT | D18: S10-J3 | E18: S10-J3 | F18: T65 | G18: JWT Docs | H18: 2
B19: T67 | C19: Génération token JWT | D19: S10-J4 | E19: S10-J4 | F19: T66 | G19: JWT | H19: 2
B20: T68 | C20: Validation token | D20: S10-J5 | E20: S10-J5 | F20: T67 | G20: JWT | H20: 2
... B36: T84 | C36: Repos | D36: S12-J7 | E36: S12-J7 | F36: T83 | G36: - | H36: 2

Sheet Phase 4
B1: Phase 4
B8: ID | C8: Nom de la tâche | D8: Début | E8: Fin | F8: Prédécesseurs | G8: Ressources | H8: Charge (h) | J8: ID | K8: Nom de la tâche | L8: Début | M8: Fin | N8: Prédécesseurs | O8: Ressources | P8: Charge (h)
B9: T85 | C9: Entity Booking | D9: S13-J1 | E9: S13-J1 | F9: T84 | G9: JPA | H9: 2
B10: T86 | C10: Relations (User-Booking) | D10: S13-J2 | E10: S13-J2 | F10: T85 | G10: JPA | H10: 2
B11: T87 | C11: Service réservation | D11: S13-J3 | E11: S13-J3 | F11: T86 | G11: Spring Boot | H11: 2
B12: T88 | C12: API réservation | D12: S13-J4 | E12: S13-J4 | F12: T87 | G12: Spring Boot | H12: 2
B13: T89 | C13: Test réservation | D13: S13-J5 | E13: S13-J5 | F13: T88 | G13: Postman | H13: 2
B14: T90 | C14: Révision logique | D14: S13-J6 | E14: S13-J6 | F14: T89 | G14: Notes | H14: 2
B15: T91 | C15: Repos actif | D15: S13-J7 | E15: S13-J7 | F15: T90 | G15: Vidéos | H15: 2
B16: T92 | C16: Détection conflits | D16: S14-J1 | E16: S14-J1 | F16: T89 | G16: Logique | H16: 2
B17: T93 | C17: Logique overlap | D17: S14-J2 | E17: S14-J2 | F17: T92 | G17: Algo | H17: 2
B18: T94 | C18: Test conflits | D18: S14-J3 | E18: S14-J3 | F18: T93 | G18: Postman | H18: 2
B19: T95 | C19: Optimisation | D19: S14-J4 | E19: S14-J4 | F19: T94 | G19: Code | H19: 2
B20: T96 | C20: Révision | D20: S14-J5 | E20: S14-J5 | F20: T95 | G20: Notes | H20: 2
... B36: T112 | C36: Repos | D36: S16-J7 | E36: S16-J7 | F36: T111 | G36: - | H36: 2

Sheet Phase 5
B1: Phase 5
B8: ID | C8: Nom de la tâche | D8: Début | E8: Fin | F8: Prédécesseurs | G8: Ressources | H8: Charge (h) | J8: ID | K8: Nom de la tâche | L8: Début | M8: Fin | N8: Prédécesseurs | O8: Ressources | P8: Charge (h)
B9: T113 | C9: Setup React | D9: S17-J1 | E9: S17-J1 | F9: T112 | G9: React | H9: 2
B10: T114 | C10: Structure frontend | D10: S17-J2 | E10: S17-J2 | F10: T113 | G10: React | H10: 2
B11: T115 | C11: Appels API | D11: S17-J3 | E11: S17-J3 | F11: T114 | G11: Axios | H11: 2
B12: T116 | C12: Test API | D12: S17-J4 | E12: S17-J4 | F12: T115 | G12: Backend | H12: 2
B13: T117 | C13: UI Login | D13: S17-J5 | E13: S17-J5 | F13: T115 | G13: React | H13: 2
B14: T118 | C14: UI Register | D14: S17-J6 | E14: S17-J6 | F14: T117 | G14: React | H14: 2
B15: T119 | C15: Repos actif | D15: S17-J7 | E15: S17-J7 | F15: T118 | G15: - | H15: 2
B16: T120 | C16: Dashboard | D16: S18-J1 | E16: S18-J1 | F16: T118 | G16: React | H16: 2
B17: T121 | C17: Liste objets | D17: S18-J2 | E17: S18-J2 | F17: T120 | G17: React | H17: 2
B18: T122 | C18: Liste espaces | D18: S18-J3 | E18: S18-J3 | F18: T121 | G18: React | H18: 2
B19: T123 | C19: Form réservation | D19: S18-J4 | E19: S18-J4 | F19: T122 | G19: React | H19: 2
B20: T124 | C20: Test UI | D20: S18-J5 | E20: S18-J5 | F20: T123 | G20: Frontend | H20: 2
... B36: T140 | C36: Repos actif | D36: S20-J7 | E36: S20-J7 | F36: T139 | G36: - | H36: 2

Sheet Phase 6
B1: Phase 6
B8: ID | C8: Nom de la tâche | D8: Début | E8: Fin | F8: Prédécesseurs | G8: Ressources | H8: Charge (h) | J8: ID | K8: Nom de la tâche | L8: Début | M8: Fin | N8: Prédécesseurs | O8: Ressources | P8: Charge (h)
B9: T141 | C9: Introduction Docker | D9: S21-J1 | E9: S21-J1 | F9: T112 | G9: Docker | H9: 2
B10: T142 | C10: Docker backend | D10: S21-J2 | E10: S21-J2 | F10: T141 | G10: Docker | H10: 2
B11: T143 | C11: Docker DB | D11: S21-J3 | E11: S21-J3 | F11: T142 | G11: Docker | H11: 2
B12: T144 | C12: Test Docker | D12: S21-J4 | E12: S21-J4 | F12: T143 | G12: Docker | H12: 2
B13: T145 | C13: Optimisation Docker | D13: S21-J5 | E13: S21-J5 | F13: T144 | G13: Docker | H13: 2
B14: T146 | C14: Révision | D14: S21-J6 | E14: S21-J6 | F14: T145 | G14: Notes | H14: 2
B15: T147 | C15: Repos actif | D15: S21-J7 | E15: S21-J7 | F15: T146 | G15: - | H15: 2
B16: T148 | C16: Déploiement backend | D16: S22-J1 | E16: S22-J1 | F16: T144 | G16: Render/Railway | H16: 2
B17: T149 | C17: Déploiement frontend | D17: S22-J2 | E17: S22-J2 | F17: T148 | G17: Vercel | H17: 2
B18: T150 | C18: Test production | D18: S22-J3 | E18: S22-J3 | F18: T149 | G18: Test | H18: 2
B19: T151 | C19: Fix bugs | D19: S22-J4 | E19: S22-J4 | F19: T150 | G19: Debug | H19: 2
B20: T152 | C20: Révision | D20: S22-J5 | E20: S22-J5 | F20: T151 | G20: Notes | H20: 2
... B34: T166 | C34: Repos | D34: S24-J7 | E34: S24-J7 | F34: T165 | G34: - | H34: 2

Sheet 4-Bilan
A2: ="BILAN au "&TEXT(G3,"jj/mm/aaaa") -> BILAN au 19/00/Donnerstag | G2: ='1a-Identification Projet'!$L1 -> Ref; PD 002
G3: ='1a-Identification Projet'!$L2 -> 43524
G4: ='1a-Identification Projet'!$L3 -> Entreprise de prototypage de Toulouse
A7: Analyse critique du déroulement du projet
A10: Leçons apprises
A13: Mise en perspectives pour les projets futurs
